{
    "args": {
        "audio_backend": "soundfile",
        "bandwidth": 16000,
        "batch_size": 1,
        "checkpoint": null,
        "dataset": "aligned",
        "debug": false,
        "epochs": 200,
        "hidden_size": 512,
        "input_file": "mixture.wav",
        "lr": 0.001,
        "lr_decay_gamma": 0.3,
        "lr_decay_patience": 3,
        "model": null,
        "nb_channels": 2,
        "nb_workers": 0,
        "nfft": 4096,
        "nhop": 1024,
        "no_cuda": false,
        "output": "PianoModel400v5",
        "output_file": "Piano.wav",
        "patience": 10,
        "quiet": false,
        "root": "C:\\Users\\\u05d9\u05d5\u05d1\u05dc\\vs code snippets\\AI Project Music\\ai-music-project\\Dataset",
        "seed": 42,
        "seq_dur": 7.5,
        "target": "Piano",
        "unidirectional": false,
        "weight_decay": 0.0003
    },
    "best_epoch": 73,
    "best_loss": 1.5638943299498052,
    "commit": "fb672c9",
    "epochs_trained": 83,
    "num_bad_epochs": 10,
    "train_loss_history": [
        67.89443363616728,
        26.048309875473585,
        17.27189910339115,
        13.287198651224783,
        10.125502000320447,
        8.757631677368732,
        7.243296633640381,
        6.908005490797024,
        5.981611516326666,
        5.412495648820106,
        4.056525973628645,
        4.199023005794989,
        4.107797275208039,
        3.881392967721371,
        3.590879372997235,
        4.183822876378281,
        3.834877993554285,
        3.8140772522414386,
        3.7921573042818535,
        3.5689497459424686,
        3.651800313734845,
        3.603408362027513,
        3.55957755576564,
        3.528646383383503,
        3.648348730720886,
        3.347138482566974,
        3.447128221596757,
        3.609956011125078,
        3.2848641220225048,
        3.299462894717716,
        3.811367306143862,
        3.1987457272839057,
        3.4951863860430783,
        3.4176945617703134,
        3.013428169417463,
        3.1746992512720906,
        3.474358019049037,
        3.1573208914431805,
        3.278642605377795,
        3.1657181588856327,
        3.0246351712370574,
        3.2384683718420053,
        3.052964024347802,
        3.1342923051537306,
        3.0484316473546094,
        3.005819773837312,
        3.0359774193126863,
        3.1384602341647834,
        2.97373494886066,
        3.0983057625285566,
        3.189470908055975,
        3.152556908508278,
        3.300938394073754,
        3.0306537866031062,
        3.2932144117171633,
        3.1909917268697936,
        2.868737765064795,
        3.405262086617008,
        3.019095608747679,
        2.844578648343274,
        3.135003990200284,
        2.9316548838803214,
        2.7674254217784697,
        3.1743882645482886,
        3.2156278388957453,
        3.0087150510859817,
        2.938257025580292,
        3.2171390552379906,
        2.968257586637588,
        3.0832863624067337,
        2.8057074252362937,
        3.1648876222029125,
        3.0178052476824146,
        3.1644871083585775,
        2.9046761173091524,
        2.8812408249391472,
        2.866581464061922,
        3.0030227273874854,
        2.869777040479526,
        3.0081440067964875,
        3.0662569283214336,
        3.340095831668132,
        2.9095414702920883
    ],
    "train_time_history": [
        24.848142385482788,
        23.44219708442688,
        23.450064182281494,
        23.73503041267395,
        22.58350896835327,
        22.5837459564209,
        22.64186668395996,
        22.55806565284729,
        22.580162525177002,
        22.541257858276367,
        22.661174535751343,
        22.598487377166748,
        22.60072898864746,
        23.148418426513672,
        23.299933671951294,
        23.68300175666809,
        23.46755814552307,
        23.41317367553711,
        23.634242057800293,
        23.365111112594604,
        23.397859811782837,
        23.472135066986084,
        23.53876805305481,
        23.58316946029663,
        23.554088830947876,
        23.432140827178955,
        23.721962213516235,
        23.550488471984863,
        23.43605613708496,
        23.44650435447693,
        23.5068621635437,
        23.64496874809265,
        23.28615427017212,
        23.401291131973267,
        23.67160677909851,
        23.39662480354309,
        23.597092151641846,
        23.53646469116211,
        23.583432912826538,
        23.94440197944641,
        23.42312455177307,
        23.560113668441772,
        23.648418426513672,
        23.4098641872406,
        23.296250820159912,
        23.542267560958862,
        23.475260734558105,
        23.362687826156616,
        23.369189500808716,
        23.640997648239136,
        23.38861632347107,
        23.58147096633911,
        23.317431926727295,
        23.520172834396362,
        23.436611890792847,
        23.374218940734863,
        23.415605068206787,
        23.54208755493164,
        23.515881061553955,
        23.450053215026855,
        23.45636534690857,
        23.51721978187561,
        23.376843690872192,
        23.42650270462036,
        23.610472679138184,
        23.734865188598633,
        23.388366222381592,
        23.30873966217041,
        23.44818353652954,
        23.487670421600342,
        23.349048376083374,
        23.26549220085144,
        22.83223271369934,
        22.48262310028076,
        22.6087429523468,
        22.48352360725403,
        22.54196572303772,
        22.58997416496277,
        22.54828977584839,
        22.717797994613647,
        22.697696208953857,
        22.585854291915894
    ],
    "valid_loss_history": [
        13.873852228465145,
        9.953834681478265,
        8.21136107346783,
        6.099351544902749,
        3.961471740921883,
        3.662968916844015,
        3.2392481100069332,
        2.4849195476264168,
        2.3535692101880294,
        2.1852401378118014,
        2.1355421133339405,
        2.3048805293359167,
        2.0619401432675857,
        2.102003807074403,
        2.2186405466843957,
        2.0108361658066105,
        2.015733716014313,
        2.146268091330381,
        2.123870375834099,
        2.0148302122236115,
        1.9845557504729048,
        2.057142224009723,
        2.034209319683787,
        1.9104099236939052,
        1.9041461813429448,
        1.959314712106365,
        1.9582852437479856,
        1.8791062440978337,
        1.8333867564797401,
        1.8892992032717353,
        1.835824713008861,
        1.9799172253641364,
        1.8802064728655228,
        1.8716508318504241,
        1.743794841002928,
        1.760504312813282,
        1.7303813747959593,
        1.7363624485490257,
        1.7736373338593197,
        1.7952108317858553,
        1.7078029603684601,
        1.7473184689369103,
        1.8309195217204421,
        1.7481751502172587,
        1.7169405534251097,
        1.715449316809847,
        1.7532816004671463,
        1.7896120610506567,
        1.6470219949898246,
        1.6630245914861357,
        1.6750389186997119,
        1.6623594477415493,
        1.6565627004083705,
        1.643206952318345,
        1.6700406603719273,
        1.6612882111476708,
        1.6735008324764362,
        1.6529281279199743,
        1.640519060398618,
        1.701084828489039,
        1.6262940333722389,
        1.6058234466520482,
        1.6251897681504488,
        1.6331446438976756,
        1.6091499526359856,
        1.588250242888111,
        1.6045380046922866,
        1.7212091802223906,
        1.6151561541355228,
        1.6458903168621537,
        1.6269682890748325,
        1.6106094918022418,
        1.5638943299498052,
        1.5849426363990322,
        1.6114954491949653,
        1.5850535813361815,
        1.5862468789038184,
        1.5799946876319304,
        1.6013273457958275,
        1.6672861994537589,
        1.5935212261209342,
        1.5680747373820576,
        1.601972916099715
    ]
}